{"cameraMode":{"drawMode":0,"name":"Shaded","section":"Shading Mode"},"sceneLighting":false,"audioPlay":false,"sceneViewState":{"m_AlwaysRefresh":false,"showFog":true,"showSkybox":false,"showFlares":true,"showImageEffects":true,"showParticleSystems":true,"showVisualEffectGraphs":true,"m_FxEnabled":true},"in2DMode":false,"pivot":{"x":-0.000012874603271484375,"y":0.1508685052394867,"z":-0.000012874603271484375},"rotation":{"x":-0.2184792160987854,"y":-0.450320303440094,"z":0.11466306447982788,"w":-0.8581242561340332},"size":4.295106410980225,"orthographic":false}